{"cameraMode":{"drawMode":0,"name":"Shaded","section":"Shading Mode"},"sceneLighting":true,"audioPlay":false,"sceneViewState":{"showFog":true,"showMaterialUpdate":false,"showSkybox":true,"showFlares":true,"showImageEffects":true,"showParticleSystems":true},"in2DMode":false,"pivot":{"x":27.98517608642578,"y":28.649765014648439,"z":58.342044830322269},"rotation":{"x":-0.059787120670080188,"y":0.127213716506958,"z":-0.007661029230803251,"w":-0.9900898933410645},"size":56.01043701171875,"orthographic":false}